{
  "IcoMoonType": "selection",
  "icons": [
    {
      "icon": {
        "paths": [
          "M864 0c88.364 0 160 71.634 160 160 0 36.020-11.91 69.258-32 96l-64 64-224-224 64-64c26.742-20.090 59.978-32 96-32zM64 736l-64 288 288-64 592-592-224-224-592 592zM715.578 363.578l-448 448-55.156-55.156 448-448 55.156 55.156z"
        ],
        "attrs": [],
        "isMulticolor": false,
        "isMulticolor2": false,
        "tags": [
          "pencil",
          "write",
          "edit"
        ],
        "defaultCode": 59653,
        "grid": 16
      },
      "attrs": [],
      "properties": {
        "ligatures": "pencil, write",
        "name": "pencil",
        "id": 5,
        "order": 30,
        "prevSize": 32,
        "code": 59653
      },
      "setIdx": 0,
      "setId": 4,
      "iconIdx": 5
    },
    {
      "icon": {
        "paths": [
          "M917.806 229.076c-22.212-30.292-53.174-65.7-87.178-99.704s-69.412-64.964-99.704-87.178c-51.574-37.82-76.592-42.194-90.924-42.194h-496c-44.112 0-80 35.888-80 80v864c0 44.112 35.888 80 80 80h736c44.112 0 80-35.888 80-80v-624c0-14.332-4.372-39.35-42.194-90.924zM785.374 174.626c30.7 30.7 54.8 58.398 72.58 81.374h-153.954v-153.946c22.984 17.78 50.678 41.878 81.374 72.572zM896 944c0 8.672-7.328 16-16 16h-736c-8.672 0-16-7.328-16-16v-864c0-8.672 7.328-16 16-16 0 0 495.956-0.002 496 0v224c0 17.672 14.326 32 32 32h224v624z"
        ],
        "attrs": [],
        "isMulticolor": false,
        "isMulticolor2": false,
        "tags": [
          "file-empty",
          "file",
          "document",
          "paper",
          "page",
          "new",
          "empty",
          "blank"
        ],
        "defaultCode": 59684,
        "grid": 16
      },
      "attrs": [],
      "properties": {
        "ligatures": "file-empty, file3",
        "name": "file-empty",
        "id": 36,
        "order": 29,
        "prevSize": 32,
        "code": 59684
      },
      "setIdx": 0,
      "setId": 4,
      "iconIdx": 36
    },
    {
      "icon": {
        "paths": [
          "M384 928c0 53.019-42.981 96-96 96s-96-42.981-96-96c0-53.019 42.981-96 96-96s96 42.981 96 96z",
          "M1024 928c0 53.019-42.981 96-96 96s-96-42.981-96-96c0-53.019 42.981-96 96-96s96 42.981 96 96z",
          "M1024 512v-384h-768c0-35.346-28.654-64-64-64h-192v64h128l48.074 412.054c-29.294 23.458-48.074 59.5-48.074 99.946 0 70.696 57.308 128 128 128h768v-64h-768c-35.346 0-64-28.654-64-64 0-0.218 0.014-0.436 0.016-0.656l831.984-127.344z"
        ],
        "attrs": [],
        "isMulticolor": false,
        "isMulticolor2": false,
        "tags": [
          "cart",
          "purchase",
          "ecommerce",
          "shopping"
        ],
        "defaultCode": 59706,
        "grid": 16
      },
      "attrs": [],
      "properties": {
        "ligatures": "cart, purchase",
        "name": "cart",
        "id": 58,
        "order": 15,
        "prevSize": 32,
        "code": 59706
      },
      "setIdx": 0,
      "setId": 4,
      "iconIdx": 58
    },
    {
      "icon": {
        "paths": [
          "M928 128h-832c-52.8 0-96 43.2-96 96v640c0 52.8 43.2 96 96 96h832c52.8 0 96-43.2 96-96v-640c0-52.8-43.2-96-96-96zM398.74 550.372l-270.74 210.892v-501.642l270.74 290.75zM176.38 256h671.24l-335.62 252-335.62-252zM409.288 561.698l102.712 110.302 102.71-110.302 210.554 270.302h-626.528l210.552-270.302zM625.26 550.372l270.74-290.75v501.642l-270.74-210.892z"
        ],
        "attrs": [],
        "isMulticolor": false,
        "isMulticolor2": false,
        "tags": [
          "envelop",
          "mail",
          "email",
          "contact",
          "letter"
        ],
        "defaultCode": 59717,
        "grid": 16
      },
      "attrs": [],
      "properties": {
        "ligatures": "envelop, mail",
        "name": "envelop",
        "id": 69,
        "order": 27,
        "prevSize": 32,
        "code": 59717
      },
      "setIdx": 0,
      "setId": 4,
      "iconIdx": 69
    },
    {
      "icon": {
        "paths": [
          "M736 0h-448c-52.8 0-96 43.2-96 96v832c0 52.8 43.2 96 96 96h448c52.8 0 96-43.2 96-96v-832c0-52.8-43.2-96-96-96zM384 48h256v32h-256v-32zM512 960c-35.346 0-64-28.654-64-64s28.654-64 64-64 64 28.654 64 64-28.654 64-64 64zM768 768h-512v-640h512v640z"
        ],
        "attrs": [],
        "isMulticolor": false,
        "isMulticolor2": false,
        "tags": [
          "mobile",
          "cell-phone",
          "handheld"
        ],
        "defaultCode": 59736,
        "grid": 16
      },
      "attrs": [],
      "properties": {
        "ligatures": "mobile, cell-phone",
        "name": "mobile",
        "id": 88,
        "order": 28,
        "prevSize": 32,
        "code": 59736
      },
      "setIdx": 0,
      "setId": 4,
      "iconIdx": 88
    },
    {
      "icon": {
        "paths": [
          "M576 706.612v-52.78c70.498-39.728 128-138.772 128-237.832 0-159.058 0-288-192-288s-192 128.942-192 288c0 99.060 57.502 198.104 128 237.832v52.78c-217.102 17.748-384 124.42-384 253.388h896c0-128.968-166.898-235.64-384-253.388z"
        ],
        "attrs": [],
        "isMulticolor": false,
        "isMulticolor2": false,
        "tags": [
          "user",
          "profile",
          "avatar",
          "person",
          "member"
        ],
        "defaultCode": 59761,
        "grid": 16
      },
      "attrs": [],
      "properties": {
        "ligatures": "user, profile2",
        "name": "user",
        "id": 113,
        "order": 14,
        "prevSize": 32,
        "code": 59761
      },
      "setIdx": 0,
      "setId": 4,
      "iconIdx": 113
    },
    {
      "icon": {
        "paths": [
          "M992.262 871.396l-242.552-206.294c-25.074-22.566-51.89-32.926-73.552-31.926 57.256-67.068 91.842-154.078 91.842-249.176 0-212.078-171.922-384-384-384-212.076 0-384 171.922-384 384s171.922 384 384 384c95.098 0 182.108-34.586 249.176-91.844-1 21.662 9.36 48.478 31.926 73.552l206.294 242.552c35.322 39.246 93.022 42.554 128.22 7.356s31.892-92.898-7.354-128.22zM384 640c-141.384 0-256-114.616-256-256s114.616-256 256-256 256 114.616 256 256-114.614 256-256 256z"
        ],
        "attrs": [],
        "isMulticolor": false,
        "isMulticolor2": false,
        "tags": [
          "search",
          "magnifier",
          "magnifying-glass",
          "inspect",
          "find"
        ],
        "defaultCode": 59782,
        "grid": 16
      },
      "attrs": [],
      "properties": {
        "ligatures": "search, magnifier",
        "name": "search",
        "id": 134,
        "order": 17,
        "prevSize": 32,
        "code": 59782
      },
      "setIdx": 0,
      "setId": 4,
      "iconIdx": 134
    },
    {
      "icon": {
        "paths": [
          "M864 128l-480 480-224-224-160 160 384 384 640-640z"
        ],
        "attrs": [],
        "isMulticolor": false,
        "isMulticolor2": false,
        "tags": [
          "checkmark",
          "tick",
          "correct",
          "accept",
          "ok"
        ],
        "defaultCode": 59920,
        "grid": 16
      },
      "attrs": [],
      "properties": {
        "ligatures": "checkmark, tick",
        "name": "checkmark",
        "id": 272,
        "order": 16,
        "prevSize": 32,
        "code": 59920
      },
      "setIdx": 0,
      "setId": 4,
      "iconIdx": 272
    },
    {
      "icon": {
        "paths": [
          "M512 0c-282.77 0-512 229.23-512 512s229.23 512 512 512 512-229.23 512-512-229.23-512-512-512zM512 928c-229.75 0-416-186.25-416-416s186.25-416 416-416 416 186.25 416 416-186.25 416-416 416z",
          "M354.744 706.744l90.512 90.512 285.254-285.256-285.256-285.254-90.508 90.508 194.744 194.746z"
        ],
        "attrs": [],
        "isMulticolor": false,
        "isMulticolor2": false,
        "tags": [
          "circle-right",
          "right",
          "circle-next",
          "arrow"
        ],
        "defaultCode": 59970,
        "grid": 16
      },
      "attrs": [],
      "properties": {
        "ligatures": "circle-right, right5",
        "name": "circle-right",
        "id": 322,
        "order": 18,
        "prevSize": 32,
        "code": 59970
      },
      "setIdx": 0,
      "setId": 4,
      "iconIdx": 322
    },
    {
      "icon": {
        "paths": [
          "M512 1024c282.77 0 512-229.23 512-512s-229.23-512-512-512-512 229.23-512 512 229.23 512 512 512zM512 96c229.75 0 416 186.25 416 416s-186.25 416-416 416-416-186.25-416-416 186.25-416 416-416z",
          "M669.256 317.256l-90.512-90.512-285.254 285.256 285.256 285.254 90.508-90.508-194.744-194.746z"
        ],
        "attrs": [],
        "isMulticolor": false,
        "isMulticolor2": false,
        "tags": [
          "circle-left",
          "left",
          "circle-previous",
          "arrow"
        ],
        "defaultCode": 59972,
        "grid": 16
      },
      "attrs": [],
      "properties": {
        "ligatures": "circle-left, left5",
        "name": "circle-left",
        "id": 324,
        "order": 19,
        "prevSize": 32,
        "code": 59972
      },
      "setIdx": 0,
      "setId": 4,
      "iconIdx": 324
    },
    {
      "icon": {
        "paths": [
          "M928 0h-832c-52.8 0-96 43.2-96 96v832c0 52.8 43.2 96 96 96h416v-448h-128v-128h128v-64c0-105.8 86.2-192 192-192h128v128h-128c-35.2 0-64 28.8-64 64v64h192l-32 128h-160v448h288c52.8 0 96-43.2 96-96v-832c0-52.8-43.2-96-96-96z"
        ],
        "attrs": [],
        "isMulticolor": false,
        "isMulticolor2": false,
        "tags": [
          "facebook",
          "brand",
          "social"
        ],
        "defaultCode": 60049,
        "grid": 16
      },
      "attrs": [],
      "properties": {
        "ligatures": "facebook2, brand11",
        "name": "facebook2",
        "id": 401,
        "order": 20,
        "prevSize": 32,
        "code": 60049
      },
      "setIdx": 0,
      "setId": 4,
      "iconIdx": 401
    },
    {
      "icon": {
        "paths": [
          "M136.294 750.93c-75.196 0-136.292 61.334-136.292 136.076 0 75.154 61.1 135.802 136.292 135.802 75.466 0 136.494-60.648 136.494-135.802-0.002-74.742-61.024-136.076-136.494-136.076zM0.156 347.93v196.258c127.784 0 247.958 49.972 338.458 140.512 90.384 90.318 140.282 211.036 140.282 339.3h197.122c-0.002-372.82-303.282-676.070-675.862-676.070zM0.388 0v196.356c455.782 0 826.756 371.334 826.756 827.644h196.856c0-564.47-459.254-1024-1023.612-1024z"
        ],
        "attrs": [],
        "isMulticolor": false,
        "isMulticolor2": false,
        "tags": [
          "feed",
          "rss",
          "social"
        ],
        "defaultCode": 60059,
        "grid": 16
      },
      "attrs": [],
      "properties": {
        "ligatures": "feed2, rss",
        "name": "rss",
        "id": 411,
        "order": 22,
        "prevSize": 32,
        "code": 60059
      },
      "setIdx": 0,
      "setId": 4,
      "iconIdx": 411
    },
    {
      "icon": {
        "paths": [
          "M928 0h-832c-52.8 0-96 43.2-96 96v832c0 52.8 43.2 96 96 96h832c52.8 0 96-43.2 96-96v-832c0-52.8-43.2-96-96-96zM288 672c-88.4 0-160-71.6-160-160s71.6-160 160-160 160 71.6 160 160-71.6 160-160 160zM736 672c-88.4 0-160-71.6-160-160s71.6-160 160-160c88.4 0 160 71.6 160 160s-71.6 160-160 160z"
        ],
        "attrs": [],
        "isMulticolor": false,
        "isMulticolor2": false,
        "tags": [
          "flickr",
          "brand",
          "social"
        ],
        "defaultCode": 60069,
        "grid": 16
      },
      "attrs": [],
      "properties": {
        "ligatures": "flickr3, brand29",
        "name": "flickr3",
        "id": 421,
        "order": 25,
        "prevSize": 32,
        "code": 60069
      },
      "setIdx": 0,
      "setId": 4,
      "iconIdx": 421
    },
    {
      "icon": {
        "paths": [
          "M425.6 37.4c-1.6-1-3.4-1.8-5-2.6-1.8 0.4-3.4 0.6-5.2 1l10.2 1.6z",
          "M36.8 421c-0.4 1.8-0.6 3.6-0.8 5.2 1 1.6 1.6 3.2 2.6 4.8l-1.8-10z",
          "M986.8 602.6c0.4-1.8 0.6-3.6 1-5.4-1-1.6-1.6-3.2-2.6-4.8l1.6 10.2z",
          "M592 983c1.6 1 3.4 1.8 5 2.6 1.8-0.4 3.6-0.6 5.4-0.8l-10.4-1.8z",
          "M987.8 597.2c-0.4 1.8-0.6 3.6-1 5.4l-1.8-10.4c1 1.8 1.8 3.4 2.8 5 5.2-28.8 8-58.2 8-87.6 0-65.2-12.8-128.6-38-188.2-24.4-57.6-59.2-109.4-103.6-153.8s-96.2-79.2-153.6-103.6c-59.6-25.2-123-38-188.2-38-30.8 0-61.6 2.8-91.6 8.6 0 0-0.2 0-0.2 0 1.6 0.8 3.4 1.6 5 2.6l-10.2-1.6c1.8-0.4 3.4-0.6 5.2-1-41.2-21.8-87.4-33.6-134.2-33.6-76.4 0-148.4 29.8-202.4 83.8s-83.8 126-83.8 202.4c0 48.6 12.6 96.6 36 138.8 0.4-1.8 0.6-3.6 0.8-5.2l1.8 10.2c-1-1.6-1.8-3.2-2.6-4.8-4.8 27.4-7.2 55.4-7.2 83.4 0 65.2 12.8 128.6 38 188.2 24.4 57.6 59.2 109.2 103.6 153.6s96.2 79.2 153.8 103.6c59.6 25.2 123 38 188.2 38 28.4 0 56.8-2.6 84.6-7.6-1.6-1-3.2-1.8-5-2.6l10.4 1.8c-1.8 0.4-3.6 0.6-5.4 0.8 42.8 24.2 91.4 37.2 140.8 37.2 76.4 0 148.4-29.8 202.4-83.8s83.8-126 83.8-202.4c-0.2-48.6-12.8-96.6-36.4-139.2zM514.2 805.8c-171.8 0-248.6-84.4-248.6-147.8 0-32.4 24-55.2 57-55.2 73.6 0 54.4 105.6 191.6 105.6 70.2 0 109-38.2 109-77.2 0-23.4-11.6-49.4-57.8-60.8l-152.8-38.2c-123-30.8-145.4-97.4-145.4-160 0-129.8 122.2-178.6 237-178.6 105.8 0 230.4 58.4 230.4 136.4 0 33.4-29 52.8-62 52.8-62.8 0-51.2-86.8-177.6-86.8-62.8 0-97.4 28.4-97.4 69s49.6 53.6 92.6 63.4l113.2 25.2c123.8 27.6 155.2 100 155.2 168 0 105.4-81 184.2-244.4 184.2z"
        ],
        "attrs": [],
        "isMulticolor": false,
        "isMulticolor2": false,
        "tags": [
          "skype",
          "brand",
          "social"
        ],
        "defaultCode": 60101,
        "grid": 16
      },
      "attrs": [],
      "properties": {
        "ligatures": "skype, brand60",
        "name": "skype",
        "id": 453,
        "order": 26,
        "prevSize": 32,
        "code": 60101
      },
      "setIdx": 0,
      "setId": 4,
      "iconIdx": 453
    },
    {
      "icon": {
        "paths": [
          "M384 384h177.106v90.782h2.532c24.64-44.194 84.958-90.782 174.842-90.782 186.946 0 221.52 116.376 221.52 267.734v308.266h-184.61v-273.278c0-65.184-1.334-149.026-96.028-149.026-96.148 0-110.82 70.986-110.82 144.292v278.012h-184.542v-576z",
          "M64 384h192v576h-192v-576z",
          "M256 224c0 53.019-42.981 96-96 96s-96-42.981-96-96c0-53.019 42.981-96 96-96s96 42.981 96 96z"
        ],
        "attrs": [],
        "isMulticolor": false,
        "isMulticolor2": false,
        "tags": [
          "linkedin",
          "brand",
          "social"
        ],
        "defaultCode": 60106,
        "grid": 16
      },
      "attrs": [],
      "properties": {
        "ligatures": "linkedin2, brand65",
        "name": "linkedin2",
        "id": 458,
        "order": 24,
        "prevSize": 32,
        "code": 60106
      },
      "setIdx": 0,
      "setId": 4,
      "iconIdx": 458
    },
    {
      "icon": {
        "paths": [
          "M0 0v1024h1024v-1024h-1024zM512 960v-448h-448v-448h448v448h448v448h-448z"
        ],
        "attrs": [],
        "isMulticolor": false,
        "isMulticolor2": false,
        "tags": [
          "delicious",
          "brand",
          "social"
        ],
        "defaultCode": 60109,
        "grid": 16
      },
      "attrs": [],
      "properties": {
        "ligatures": "delicious, brand68",
        "name": "delicious",
        "id": 461,
        "order": 23,
        "prevSize": 32,
        "code": 60109
      },
      "setIdx": 0,
      "setId": 4,
      "iconIdx": 461
    },
    {
      "icon": {
        "paths": [
          "M768 512h-384v128c0 70.688 57.312 128 128 128h64 192c70.688 0 128 57.312 128 128s-57.312 128-128 128h-96-160c-212.064 0-384-171.936-384-384v-384-64-64c0-70.688 57.312-128 128-128s128 57.312 128 128v64 64h384c70.688 0 128 57.312 128 128s-57.312 128-128 128z"
        ],
        "attrs": [],
        "isMulticolor": false,
        "isMulticolor2": false,
        "tags": [
          "twitter",
          "social"
        ],
        "grid": 16
      },
      "attrs": [],
      "properties": {
        "id": 15,
        "order": 21,
        "prevSize": 32,
        "code": 59648,
        "name": "twitter"
      },
      "setIdx": 1,
      "setId": 3,
      "iconIdx": 14
    }
  ],
  "height": 1024,
  "preferences": {
    "showGlyphs": true,
    "showQuickUse": true,
    "showQuickUse2": true,
    "showSVGs": true,
    "fontPref": {
      "prefix": "icon-",
      "metadata": {
        "fontFamily": "icomoon"
      },
      "metrics": {
        "emSize": 1024,
        "baseline": 6.25,
        "whitespace": 50
      },
      "embed": false,
      "autoHost": true
    },
    "imagePref": {
      "prefix": "icon-",
      "png": true,
      "useClassSelector": true,
      "color": 0,
      "bgColor": 16777215,
      "classSelector": ".icon",
      "name": "icomoon",
      "autoHost": true
    },
    "historySize": 50,
    "showCodes": true,
    "gridSize": 16,
    "quickUsageToken": {
      "UntitledProject": "MmMyMjI2YjYyOTU0OTE4ZTQ3ZjBjM2M2MmQ2MWRjZGQjMSMxNjI4MTAxMDE4IyMj"
    }
  }
}